Website,Username,Password
twitter,username,7p6yRbJn5M)s!
facebook,username2, 5l)K$y&LQ630p$
2142342, 24231, ONGQm1&!)6Xv
213421, 21342314, (*udG34Lq%FZ
twitter, user, &56nf*VY!D*A
tiktok, usernobrain, *n9+j$h56QHDk2
23142, 21432, n*t6+hHQ0p3)as&
1243234, 2143213, ewF0*N!R2d+
2342134, 2314324, 95yOAj&Q+G8xe
12321, 4231421, K7l%4xi6$n&w)X
412423, 124344, p5h%Dij1)b2&
Website, 342532, 7Mhn5+x!By
12321323, 43242314, 86W(XD#)q9Tp
423543,543523,453252345
chris,cool,T!fm%ad07(s#
1321,23142314,7E8Jx(YlE*0&#
somewhere,overtheraibow,dfJV*l$88J%
ewqwerweq,werweqrqw,p87(u1)by%UT6
twitter,noname,&F4*r!y8HG6c
twitter.com,myusername,xz$24X(BsF(B7&
twitter.com,username,i$h6mTLx!$Jc1
twitter.com,username,p#Z8rMUNu4*
sgfd,safsdaf,jD3ViRpG##%)0
